Company,Partner
TruWeatherSolution,ResilienX
Skyway,TruWeatherSolutions
Skyway,TransfotSolution
Skyway,RhomanAero
Skyway,NASA
Skyway,ZingDroneSolution
Skyway,GUTMA
Skyway,EVE
Skyway,ResilienX
Skyway,Siemens
Skyway,AirGo
Skyway,Bluenest
Skyway,Moonware
Arup,C40Cities
Arup,EllenMcArthurFoundation
Arup,RealPlayCoalition
Arup,WBCSD
Arup,TheEarthShotPrice
Arup,ResilienceRising
AerovyMobility,ElectroAero
AerovyMobility,PurdueUniversity
AerovyMobility,LilyHelipads
AerovyMobility,SafeHelipads
AerovyMobility,AltaPort
AerovyMobility,eVertiports
ResilienX,AviumInc
ResilienX,AeroX
ResilienX,AirServices
ResilienX,AIS
ResilienX,Altaport
ResilienX,AutonomyInstitute
ResilienX,DroneUp
ResilienX,KongsbergGeospatial
ResilienX,L3Harris
ResilienX,TheLongBowGroup
ResilienX,LunaLabs
ResilienX,Nasa
ResilienX,NUAIR
ResilienX,OneSky
ResilienX,PabloAir
ResilienX,RoboticSkies
ResilienX,RudaSysAerospace
ResilienX,Skyway
ResilienX,Spright
ResilienX,Starburst
ResilienX,TruWeatherSolutions
ResilienX,USAirForce
ResilienX,USNavy
ResilienX,UnmannedExperts
ElectroAero,GreenStarAviationPartners
ElectroAero,Skyportz
ElectroAero,Altaport
ElectroAero,AerovyMobility
Skyportz,Skyway
Skyportz,DufourAerospace
Skyportz,ElectraAero
Skyportz,GBRHelicopters
Skyportz,Helifish
Skyportz,Microflite
Skyportz,NautiliusAviation
Skyportz,VStar
Skyportz,Arup
Frequentis,Fraport
Frequentis,NavCanada
Frequentis,DFS
Frequentis,Bundeswehr
Frequentis,MinistryOfDefenceUK
Frequentis,PortsOfJersey
Frequentis,BayerishePolizei
Frequentis,Politiet
Frequentis,OBB
Frequentis,SBB
Frequentis,NASA
Frequentis,DSNA
Frequentis,AirServicesAustralia
Frequentis,AirwaysNewZealand
Frequentis,USNavy
Frequentis,RAAF
Frequentis,CanadianCoastGuard
Frequentis,SwedishMaritimeAdministration
Frequentis,AMSA
Frequentis,NetworkRail
Frequentis,DB
Frequentis,PID
Frequentis,MetropolitanPolice
Frequentis,NCCQatar
Frequentis,FireBrigadeVietnam
Frequentis,Telenor
Frequentis,ISCEA
Frequentis,MINDFENSA
Frequentis,DCAMyanmar
Frequentis,LVNL
Frequentis,DECEA
Frequentis,Avinor
Frequentis,DanubeFAB
Frequentis,AviumInc
AviumInc,TruWeatherSolutions
AviumInc,Skyportz
AviumInc,PildoLabs
AviumInc,FlightAware
AviumInc,ResilienX
AviumInc,AutonomyInstitute
AviumInc,PraesensCare
AviumInc,GACA
AviumInc,Wisk
AviumInc,DLR
AviumInc,CEEVO
AviumInc,Wisekey
AviumInc,Frequentis
AviumInc,SANS
TruWeatherSolutions,Skyportz
TruWeatherSolutions,GrandSky
TruWeatherSolutions,Thales
TruWeatherSolutions,NASA
TruWeatherSolutions,OneSky
TruWeatherSolutions,DOTStateOfOhio
TruWeatherSolutions,Skyportz
TruWeatherSolutions,NUAIR
TruWeatherSolutions,ATA
TruWeatherSolutions,DroneUp
TruWeatherSolutions,FAA
TruWeatherSolutions,Aloft
TruWeatherSolutions,UrbanMovementLabs
TruWeatherSolutions,Avision
TruWeatherSolutions,Palantir
TruWeatherSolutions,CALAnalytics
TruWeatherSolutions,Skyports